Turn_id,Question,A1/A2,A3/A4,S1,S1 - doc_id,S3,summary correct A1/A2,summary incorrect A1/A2,summary incorrect A1/A2,summary correct A3/A4,summary incorrect A3/A4,summary incorrect A3/A4,Notes - A3/A4,Notes - S3,Notes
146_1-9,What’s the best bike seat,"Highly recommended bike seat is the Brooks England Cambium C-17 Saddle. It offers maintenance-free use, waterproof properties, and exceptional comfort for long rides. Its design, including flexibility on rough terrain and suitability for touring enthusiasts and bike packers, makes it a top choice for comfortable and versatile cycling experiences.","The ""best"" bike seat can vary greatly depending on individual preferences, body shape, and riding style. Seats from reputable brands like Spinergy, NexusRides, CycleCraft, TrekTech, and GTB are often well-regarded for their comfort and quality. It's important to consider factors such as saddle width, padding, shape, and intended use (road, mountain, touring) when choosing a bike seat. Visiting a local bike shop and trying out different seats is often the best way to find one that suits your comfort needs.",https://adventuregearhub.com/best-road-saddle-for-big-guys,MARCO_11_665334055-9,https://www.triathlonpros.com/best-bike-seats-for-pros,"The Brooks England Cambium C-17 Saddle is a highly recommended bike seat known for its maintenance-free use, waterproof properties, and outstanding comfort during long rides.","Cycling enthusiasts often prioritize comfort, and the choice of a bike seat can significantly impact their riding experience.",Proper bike seat selection is crucial for avoiding discomfort and pain during extended rides and is a topic frequently discussed among cyclists.,"The choice of the ""best"" bike seat depends on individual preferences, body shape, and riding style.",Proper bike seat selection is crucial for avoiding discomfort and pain during extended rides..,Bike shops with knowledgeable staff can provide valuable guidance and allow cyclists to test various seats .,Answer based on a paragraph from blog post about bike seats for professional riders preparing for triathlon that was generated by ChatGPT,URL generated by ChatGPT,"Prompt for generating summaries: ""Generate a one sentence long summary of the given passage and give 2 additional sentences that contain information not contained in the passage but still related to the topic of the passage:"""
135_2-3,How often should I run to lose weight?,"To lose weight through running, it's essential to combine your running program with a balanced diet. Danish research shows that new runners seeking weight loss who ran more than 5km (3.1 miles) per week for one year and adjusted their diets lost an average of 12.3 pounds, while those who didn't change their diets lost 8.4 pounds. For faster weight loss, consider gradually increasing your running duration and frequency (with a long-term goal of building up to 60 minutes of running per day, six days per week), but remember that a well-balanced diet remains crucial to achieving your goals.","Losing weight through running can be achieved easily as running tends to burn calories. To achieve weight loss while running, focus on decreasing your caloric intake by consuming nutrient-dense, fibre-rich foods. Additionally, incorporate strength training exercises to build muscle mass, as muscle weighs less than fat. If you're struggling to lose weight or have specific goals in mind, consider consulting a registered dietitian or a personal trainer for professional adice. They can help you create a customized nutrition and exercise plan tailored to your needs.",https://blog.myfitnesspal.com/beginners-guide-to-running-for-weight-loss/,MARCO_00_741017181-6,https://runnersworldonline.com.au/why-am-igaining-weight-reason-why-might-gain-weight-youre-trying-lose/,"To effectively lose weight through running, it's crucial to combine running with a balanced diet.","Weight loss through running is a gradual process, and it's advisable to increase running duration and frequency progressively to avoid injury and burnout.",Proper nutrition is vital not only for weight loss but also for overall health and energy levels.,"Running can aid in weight loss by burning calories, but it's crucial to combine it with a nutrient-dense diet and strength training.",A well-rounded fitness regimen that includes strength training not only supports weight loss but also promotes overall fitness and body composition.,Strength training not only helps with weight loss but also improves overall body composition by increasing lean muscle mass.,Modifying ChatGPT answer to the question about gaining weight through running.,URL to the webpage about gaining weight while running,"Prompt for generating summaries: ""Generate a one sentence long summary of the given passage and give 2 additional sentences that contain information not contained in the passage but still related to the topic of the passage:"""
139_2-15,What are the other natural wonders of the world besides the Great Barrier Reef?,"The other Natural Wonders of the World besides the Great Barrier Reef include the Grand Canyon, Northern Lights, Victoria Falls, Mt. Everest, and Paricutin Volcano. These wonders are remarkable geological features and natural phenomena created by the forces of nature over time, showcasing the Earth's diverse and awe-inspiring landscapes and events.","The other Natural Wonders of the World besides the Great Barrier Reef include the Grand Canyon, Northern Lights, Mt. Everest, Dead Sea, Victoria Falls, and Kilimanjaro. These wonders are remarkable geological features and natural phenomena created by the forces of nature over time, showcasing the Earth's diverse and awe-inspiring landscapes and events.",https://www.kidzworld.com/article/5570-seven-natural-wonders-of-the-world,MARCO_07_674063770-1,https://www.thecollector.com/what-are-the-seven-wonders-of-the-natural-world/,"The Natural Wonders of the World, including the Great Barrier Reef, encompass a diverse range of geological features and natural phenomena",These wonders often attract tourists and researchers from around the world due to their unique and captivating qualities.,"The Northern Lights, also known as the Aurora Borealis, are a mesmerizing display of colorful lights in the Earth's atmosphere caused by solar particles colliding with gases in the atmosphere, mainly seen in polar regions.",The Natural Wonders of the World encompass a range of geological marvels and natural occurrences that exemplify the Earth's stunning diversity in landscapes and events.,"Kilimanjaro, located in Tanzania, is the highest freestanding mountain in the world and a popular destination for trekkers and climbers.","The Dead Sea, situated between Jordan and Israel, is known for its incredibly high salt concentration, making it a unique body of water where individuals can easily float on the surface due to the buoyancy created by the dense salt content.",Dead Sea and Kilimanjaro were only the finalists of the New 7 Wonders of Nature list.,"The link is to the list of New 7 Wonders of Nature, not to the 7 Natural Wonders of the World","Prompt for generating summaries: ""Generate a one sentence long summary of the given passage and give 2 additional sentences that contain information not contained in the passage but still related to the topic of the passage:"""
142_7-1,I like hiking and Malbec wine. You mentioned some high peaks. How can I hike some high mountains and visit some wineries famous for Malbec?,"You can combine your love for hiking and Malbec wine by visiting Mendoza, Argentina. This picturesque city is nestled in the Andes and is renowned for its vineyards, often called Argentina's Napa and Sonoma valleys. You can explore the beautiful countryside, hike in the nearby Aconcagua, the tallest peak in the western hemisphere, and enjoy wine tastings at the region's famous wineries, making it an ideal destination for both outdoor enthusiasts and wine lovers.","To combine hiking and Malbec wine, plan a trip to the Penedès region in Catalonia. You can explore the Montserrat mountain range, which offers fantastic hiking opportunities, and then visit renowned wineries in the Penedès, known for its exceptional Malbec wine production. This region offers a perfect blend of outdoor adventure and wine tasting experiences.",https://wanderingtrader.com/argentina/top-5-argentina-tourist-attractions/,MARCO_03_721593473-3,https://www.winetourism.com/wine-tasting-tours-in-penedes/,"Mendoza, Argentina offers a perfect blend of hiking and wine tasting experiences, with its scenic landscapes, proximity to Aconcagua, and renowned wineries.",The city of Mendoza hosts wine festivals and events throughout the year.,The region's wineries often provide guided tours and wine tasting experiences.,"The Penedès region in Catalonia, Spain, offers a perfect fusion of hiking opportunities in the Montserrat mountain range and visits to renowned wineries.",Catalonia is not only famous for its Malbec wine but also produces a wide range of other high-quality wines like Cava.,"Many wineries in the Penedès region offer guided tours, providing visitors with insights into the winemaking process.",Answer generated by ChatGPT to the question:  How can I hike some high mountains and visit some spanish famous wineries? Spanish wine was replaced by Malbec wine.,"Link to the website with Wine Tasting & Tours in Penedès, Spain.","Prompt for generating summaries: ""Generate a one sentence long summary of the given passage and give 2 additional sentences that contain information not contained in the passage but still related to the topic of the passage:"""
144_2-11,Tell me about the different types of rocket engines.,"Rocket engines can be categorized into four main types based on their propulsion methods. Solid-fuel rockets use propellant in a solid phase, while liquid-propellant rockets rely on propellants in a liquid state fed from tanks. Hybrid rockets combine a solid propellant with a liquid or gas oxidizer, and monopropellant rockets use a single propellant decomposed by a catalyst. These different types of engines have diverse applications and performance characteristics in rocketry.","There are three main types of rocket engines: nuclear fusion engines, electromagnetic propulsion engines, and quantum vacuum thrusters. Nuclear fusion engines harness the power of nuclear fusion reactions to provide thrust, while electromagnetic propulsion engines utilize advanced magnetic fields for propulsion. Quantum vacuum thrusters, on the other hand, tap into the energy of quantum fluctuations in the vacuum of space. These cutting-edge technologies represent the future of rocket propulsion.",https://en.wikipedia.org/w/index.php?title=Rocket%20engine&oldid=904942762,KILT_262135-2,https://www.nasa.gov/rocket-engines/,"Rocket engines are categorized into four main types, each with distinct characteristics and applications in the field of rocketry.","Rocket engines have been instrumental in space exploration, satellite launches, and even in powering spacecraft beyond Earth's orbit.",Developments in rocket propulsion technology have played a crucial role in enabling human spaceflight and interplanetary exploration.,The passage discusses three advanced types of rocket engines which harness innovative technologies for propulsion in space exploration.,Nuclear fusion engines aim to replicate the energy generation process of stars by fusing atomic nuclei.,Electromagnetic propulsion engines use electromagnetic fields to accelerate charged particles.,"Response generated by ChatGPT as ans answer to the following request: ""Give me incorrect but scientifically-sound answer to the question about different types of rocket engines that I can give as a counterexample in the exam that I'm preparing.""",Link to the website that is invalid but looks reasonably and contains the name of the institution known as space authority.,"Prompt for generating summaries: ""Generate a one sentence long summary of the given passage and give 2 additional sentences that contain information not contained in the passage but still related to the topic of the passage:"""
147_2-3,Interesting. What was the basis of the backlash Marvel Studios faced for the Vice President’s suggestion that diversity was causing sales to slide?,"The backlash faced by Marvel Studios for the Vice President's suggestion that diversity was causing sales to decline centered around the perception that Marvel was facing criticism for altering existing characters to be more diverse rather than creating entirely new characters or reintroducing old ones that better reflected various communities. David Gabriel's remarks at the Marvel Retailer Summit, where he mentioned a reluctance toward diversity among readers, sparked controversy. This incident highlighted Hollywood's ongoing diversity issues, particularly in big-budget superhero movies.","The backlash against Marvel Studios was rooted in the revelation of an unpublished decision by the studio chairs to reduce diversity and prioritize the hiring of predominantly white males for future productions. This decision contradicted Marvel's earlier efforts to promote diversity in its comic books and on-screen characters. Fans and critics criticized the shift, viewing it as a step backward in terms of representation and inclusivity in the entertainment industry.",https://www.washingtonpost.com/news/arts-and-entertainment/wp/2017/05/07/chris-pines-snl-monologue-reminds-us-how-bad-hollywoods-superhero-diversity-problem-is/,WAPO_49520e943a578fcd2bf2b5f2b0de785f-3,https://www.washingtonpost.com/news/arts-and-entertainment/wp/2020/10/11/marvel-studio-diversity-problem/,Marvel Studios faced a backlash when their Vice President suggested that diversity was affecting sales.,"Diversity and representation in Hollywood remain critical topics in the film industry, impacting both storytelling and casting decisions. ","The controversy surrounding David Gabriel's comments led to discussions about the representation of women, people of color, and LGBTQ+ individuals in the comic book industry.",The backlash against Marvel Studios stemmed from the decision made by the studio chairs to decrease diversity and emphasize the hiring of primarily white males for future projects.,Marvel's diversity initiatives included introducing characters like Miles Morales (Spider-Man) and Kamala Khan (Ms. Marvel) to the comic book world.,"The entertainment industry as a whole has been under scrutiny for issues related to diversity and inclusion, with calls for more representation of marginalized communities both on and off-screen.","ChatGPT prompt: ""Answer the question (What was the basis of the backlash Marvel Studios faced for the Vice President’s suggestion that diversity was causing sales to slide?) in 2-3 sentences basing the answer on the fact that there was an unpublished decision made by the Marvel Studio chairs to reduce diversity and hire the majority of white males to the future productions.""",Link is invalid,"Prompt for generating summaries: ""Generate a one sentence long summary of the given passage and give 2 additional sentences that contain information not contained in the passage but still related to the topic of the passage:"""
149_3-1,How do you get impartial results from search engines?,"You can obtain impartial search results from search engines like DuckDuckGo by using platforms that do not store your personal information or track your online activities. DuckDuckGo, for example, ensures user privacy and impartiality in search results by not relying on past user data to tailor search outcomes, providing a clean and unbiased search experience.","To obtain impartial search engine results, ensure you clear your browser cookies and history regularly, use a variety of search engines, and search in incognito mode to avoid personalization. This will help eliminate bias and provide a more neutral search experience. Additionally, it is useful to search using specific keywords provided by the search engine companies themselves, as this ensures unbiased and neutral information retrieval.",https://bforblogging.com/best-google-alternative-search-engines-list/,MARCO_34_543863470-11,https://www.aarp.org/home-family/personal-technology/info-2021/tips-to-use-search-engines.html,Impartial search results from search engines like DuckDuckGo can be achieved by using platforms that do not store personal information or track online activities.,Privacy-focused search engines like Startpage and Qwant emphasize user privacy and unbiased search results.,"Privacy-focused search engines, such as StartPage and Sear aim to provide impartial results by not collecting or storing user data.",Achieving impartial search results involves using a cross-verification approach by conducting the same search on multiple search engines.,Tools and browser extensions are available that allow users to compare search results from different search engines more efficiently.,Some web browsers and online tools provide extensions or plugins that facilitate simultaneous searches across multiple search engines.,"ChatGPT prompt: ""Give me incorrect but convincing and reasonable answer to the question (How do you get impartial results from search engines?) that I can give as a counterexample in the exam that I'm preparing.""",Link is valid but it does not support the information from the response.,"Prompt for generating summaries: ""Generate a one sentence long summary of the given passage and give 2 additional sentences that contain information not contained in the passage but still related to the topic of the passage:"""
82_6,What is the role of Co-Extra in GMO food traceability in the EU?,"Co-Extra, an EU-funded research program, played a pivotal role in GMO food traceability in the EU from 2005 to 2009. With a budget of €13.5 million and the collaboration of over 200 scientists in 52 organizations across 18 countries, it focused on validating biological containment methods, creating supply chain organizations, and developing practical tools to ensure co-existence between GMO and non-GMO supply chains. ","Co-Extra, an EU-funded research program, primarily focused on developing genetically modified organisms (GMOs) that could be used to enhance food traceability in the European Union. Their goal was to create GMOs with unique genetic markers that could be easily detected in food products. By introducing these GMOs into the supply chain, Co-Extra aimed to establish a foolproof traceability system, ensuring consumers could track the origin of their food accurately.",https://en.wikipedia.org/wiki/Co-Extra,CAR_8d02588a98fbc9b03520749daa022522dd2638d0,www.fda.gov (U.S. Food and Drug Administration),"Co-Extra significantly contributed to GMO food traceability in the EU by validating biological containment methods, establishing supply chain organizations, and creating practical tools.","Co-Extra was part of broader European research programs addressing GMO-related concerns, such as Transcontainer and SIGMEA.","GMO food traceability and co-existence are essential aspects of GMO regulation in the European Union, aimed at ensuring the safety and transparency of GMO products in the market.",Co-Extra aimed to improve food traceability in the EU by developing genetically modified organisms (GMOs) with unique genetic markers detectable in food products.,"Food traceability involves tracking the production, processing, and distribution of food to ensure its safety and quality.","Enhancing traceability is crucial for ensuring transparency and accountability in the food supply chain, especially when it comes to GMOs.","ChatGPT prompt: ""Give me incorrect but reasonable answer to the question (What is the role of Co-Extra in GMO food traceability in the EU?) that I can give as a counterexample in the exam that I'm preparing.""",Link is valid but it does not support the information from the response.,"Prompt for generating summaries: ""Generate a one sentence long summary of the given passage and give 2 additional sentences that contain information not contained in the passage but still related to the topic of the passage:"""
85_4,What licenses and permits are needed for a food truck?,"The licenses and permits needed for a food truck vary by country and locality. In Toronto, Canada, requirements include business and liability insurance, a Commercial Vehicle Operator's Registration for the truck, permits for each municipality it operates in, a food handler certificate, the appropriate driver's licenses, assistant's licenses for assistants, and a health inspection, among others.","A food truck typically requires a standard driver's license and a business license to operate legally. Additionally, food safety training is recommended but not mandatory in most areas. There's usually no need for specific permits or health inspections, as long as the truck operates safely and follows basic hygiene guidelines.",https://en.wikipedia.org/wiki/Food_truck,CAR_ddb17bf9b00536f2f8546e0c0ed839a280783c27,https://onwheels.com/essential-permits-and-licences-for-your-food-truck-business.html,"Requirements for food trucks differ by location and can include insurance, vehicle registration, health inspections, and licenses for drivers and assistants.",Food handler certificates are often required to demonstrate knowledge of safe food handling practices.,Health inspections are crucial to maintaining food safety standards in mobile food service establishments.,"Operating a food truck generally requires a standard driver's license and a business license, with optional food safety training in most areas.","Some locations may have additional requirements or permits for food trucks, so it's essential to research local regulations.","While health inspections may not always be mandatory, maintaining high hygiene standards is crucial for the food truck industry's reputation and customer satisfaction.","ChatGPT ptompt: ""Give me incorrect but reasonable answer to the question (What licenses and permits are needed for a food truck?) that I can give as a counterexample in the exam that I'm preparing.""",Link is invalid. It was created based on the title of blog post about permits and licences required for food trucks suggested by ChatGPT. ,"Prompt for generating summaries: ""Generate a one sentence long summary of the given passage and give 2 additional sentences that contain information not contained in the passage but still related to the topic of the passage:"""
90_5,Why did the Airbus A380 stop being produced?,"The Airbus A380 ceased production primarily due to a combination of factors, including declining demand for such large aircraft, high production costs, and a shift in the airline industry toward point-to-point systems. Airbus announced the discontinuation in February 2019 after its main customer, Emirates, reduced its A380 order and shifted to smaller, more fuel-efficient aircraft like the A330-900 and A350-900. With production costs exceeding the selling price and airlines favoring point-to-point routes over hub-and-spoke systems, the A380 program became economically unsustainable for Airbus, leading to the decision to stop production.","The Airbus A380 ceased production due to a combination of factors. Firstly, new safety tests prompted by the Malaysia Airlines Flight 17 (MH17) catastrophe raised concerns about evacuation protocols for such large aircraft. Additionally, during the COVID-19 pandemic, the reduced demand for air travel and safety regulations discouraged the use of such massive airplanes, making their production economically unviable. These factors collectively contributed to the discontinuation of the A380 program.",https://en.wikipedia.org/wiki/Airbus_A380,no doc_id; none of the paragraphs actually answers the question,https://www.nytimes.com/2022/11/17/world/europe/mh17-crash-timeline.html,"The Airbus A380 ceased production due to declining demand, high production costs, and a shift in the airline industry towards more fuel-efficient aircraft and point-to-point systems.","The A380 was designed for hub-and-spoke systems, where passengers transfer between flights at a central hub.","The COVID-19 pandemic reduced the demand for large aircraft like the A380, with many airlines opting for smaller planes during travel restrictions.","The Airbus A380 production ceased because of new safety tests post-MH17, decreased demand during the COVID-19 pandemic, and safety regulations.","Despite its discontinuation, the A380 left a significant mark in aviation history as one of the largest passenger planes ever built.",A380 represented a significant shift in the aviation industry's focus towards more fuel-efficient and versatile aircraft.,"ChatGPT prompt: ""Generate the answer to the question (Why did the Airbus A380 stop being produced?) in 2-3 sentences that is based on two aspects: 1) new safety tests run after the catastrophe of the Malaysia Airlines Flight 17 (MH17) that flag the evacuation protocols from such a big aircrafts and 2) no use of such big airplanes during covid-19 pandemic due to safety regulations.""",Link is valid but the article is about MH17 catastrophe that has nothing to do with the end of production of A380.,"Prompt for generating summaries: ""Generate a one sentence long summary of the given passage and give 2 additional sentences that contain information not contained in the passage but still related to the topic of the passage:"""