Turn_id,Query,Passage_id,Links,A1,A2,A3,Summary A1,Summary A2,Summary A3,Summary incorrect 1,Summary incorrect 2,Notes
137_1-5,What do other philosophers think about Bostrom's 'simulation argument'?,MARCO_18_2910049991-8; KILT_247365-1,"https://en.wikipedia.org/wiki/Simulation_hypothesis#:~:text=Philosopher%20Barry%20Dainton%20modifies%20Bostrom's,on%20the%20grounds%20that%20every","Philosophers have offered diverse perspectives on Nick Bostrom's 'simulation argument.' Some have raised concerns about the potential for recursive simulations, where the beings running the simulation could themselves be part of a simulation, leading to an infinite regress. Others, like Preston Greene, have suggested that discovering we are in a simulation might have unforeseen consequences, possibly ending the simulation itself. Additionally, philosophical and religious implications have been explored by various thinkers, including Bostrom, Jean Baudrillard, and Iurii Vovchenko, concerning how a simulated reality might impact human life and our understanding of existence.","Philosopher Barry Dainton has offered a modification to Bostrom's trilemma by introducing the concept of 'neural ancestor simulations,' suggesting that experiences within such simulations could be indistinguishable from non-simulated experiences. This modification leads to the conclusion that either few posthuman civilizations run these simulations, or we are ourselves within such a simulation. However, some scholars reject this reasoning as philosophical and unfalsifiable, while others suggest that we might be in the first generation of simulations where simulated entities do not yet exist.","Philosopher Barry Dainton has offered a modification to Bostrom's trilemma by introducing the concept of 'neural ancestor simulations,' suggesting that experiences within such simulations could be indistinguishable from non-simulated experiences. This modification leads to the conclusion that either few posthuman civilizations run these simulations, or we are ourselves within such a simulation.","Philosophers have debated Bostrom's simulation argument, discussing concerns about recursive simulations and potential consequences.","Philosopher Barry Dainton proposed a modification to Bostrom's trilemma, suggesting that we might be in a simulation where experiences are indistinguishable from non-simulated ones.","Philosopher Barry Dainton introduced the idea of ""neural ancestor simulations,"" proposing that experiences in such simulations could be identical to non-simulated ones.","The concept of simulated reality has been a topic of interest in popular culture, with movies like ""The Matrix"" exploring similar themes. ","Advancements in technology, like virtual reality, continue to blur the lines between real and simulated experiences.","ChatGPT prompt for generating summaries: ""Generate a short one sentence long summary of the given passage and give 2 short random facts related to the topic of the passage: """
105_6,What was the US reaction to the Black Lives Matter movement?,CAR_4bb54e1efe57c9e5fd97856cb3c38c50d8451668; CAR_c6e03044b5ca8bcf2c4432eeb62f70a3eeb9446b,"https://en.wikipedia.org/wiki/Hate_crime_laws_in_the_United_States ; https://en.wikipedia.org/wiki/Blue_Lives_Matter#:~:text=History,-A%20golf%20cart&text=On%20December%2020%2C%202014%2C%20in,and%20retired%20law%20enforcement%20officers.","The U.S. reaction to the Black Lives Matter movement has been mixed. On one hand, there has been support for the movement's goals of addressing police brutality and racial injustice. However, there has also been criticism and pushback, leading to initiatives like the ""Blue Lives Matter"" movement which is a response to perceived anti-police rhetoric associated with Black Lives Matter. ","The U.S. reaction to the Black Lives Matter movement addressing police brutality and racial injustive included efforts to counteract perceived anti-police rhetoric. It was demonstrated by Louisiana's addition of police officers and firefighters to their state hate crime statute, inspired in part by the ""Blue Lives Matter"" slogan. This response arose amid debates over the movement's rhetoric and the claim that police officers were being targeted. ","The U.S. reaction to the Black Lives Matter movement included some states, like Louisiana, responding by adding police officers and firefighters to their state hate crime statute, often aligning with the ""Blue Lives Matter"" movement. ""Blue Lives Matter"" emerged as a pro-police response to concerns raised by the Black Lives Matter movement about police brutality. This response was driven by concerns about perceived anti-police rhetoric from the Black Lives Matter movement.","The U.S. response to the Black Lives Matter movement has been both supportive and critical, resulting in initiatives like ""Blue Lives Matter.","The U.S. reaction to the Black Lives Matter movement involved legislative actions, along with the emergence of counter-movements like ""Blue Lives Matter.""","The U.S. reaction to the Black Lives Matter movement involved legislative actions, along with the emergence of counter-movements like ""Blue Lives Matter.""","Debates around freedom of speech and protests have emerged, highlighting the complexities of addressing these issues in a diverse society.","The phrase ""Black Lives Matter"" was popularized on social media through the use of the hashtag BlackLivesMatter.","ChatGPT prompt for generating summaries: ""Generate a short one sentence long summary of the given passage and give 2 short random facts related to the topic of the passage: """
102_8,Can social security be fixed?,CAR_0f4b4230efc1b78d5a11d1ac95652db561930ae6; CAR_8e4769ae45e0773644230a7faf3356f2ed5cead4; CAR_498e338f9af826154207d5fdd949eee00c0db2cd,https://en.wikipedia.org/wiki/Social_Security_debate_in_the_United_States; https://en.wikipedia.org/wiki/Consumer_price_index; https://en.wikipedia.org/wiki/Social_Security_(United_States) ,"One approach for fixing social security, as suggested by Peter A. Diamond and Peter R. Orszag, involves stabilizing Social Security by implementing tax and spending adjustments, ending the borrowing from payroll taxes, and increasing dedicated revenues. Another viewpoint, represented by Robert Reich, argues for lifting the income ceiling on Social Security taxes to ensure its long-term sustainability. Additionally, there are proposals, such as those put forth by Johnson, advocating for raising the retirement age, implementing means testing, and potentially exploring privatization as ways to address Social Security's challenges.","Yes, social security can be fixed through various proposed methods. Peter A. Diamond and Peter R. Orszag suggest stabilizing Social Security through tax and spending adjustments, ending borrowing from payroll taxes, increasing dedicated revenues, and gradually making changes such as raising the retirement age, increasing the income ceiling subject to FICA taxes, and modestly raising the FICA tax rate. Additionally, there is an alternative solution involves lifting the income ceiling on which Social Security taxes are applied.","Social security can be fixed, and there are various proposed approaches to stabilize it. One such proposal, put forth by Peter A. Diamond and Peter R. Orszag, suggests a balanced approach involving tax and spending adjustments, ending the borrowing of funds from payroll taxes, increasing revenues dedicated to Social Security, and gradually raising the retirement age, raising the income ceiling subject to FICA taxes, and slightly increasing the FICA tax rate to address the issue.","Various proposals have been suggested to address the challenges facing Social Security, including tax and spending adjustments, lifting income ceilings on taxes, and potential privatization.","Social Security can be fixed through methods such as tax and spending adjustments, raising the retirement age, and increasing the income ceiling subject to FICA taxes.","Social security can be stabilized and fixed through a multifaceted approach, including tax and spending adjustments.","The income ceiling, also known as the Social Security wage base, is the maximum amount of an individual's income that is subject to Social Security taxes.",Means testing is a concept where Social Security benefits are adjusted based on an individual's financial means.,"ChatGPT prompt for generating summaries: ""Generate a short one sentence long summary of the given passage and give 2 short random facts related to the topic of the passage: """
149_2-5,Are algorithms really biased against people of colour,KILT_57559533-3; WAPO_43fcfce2f805726c1196758d3f89838c-2,https://en.wikipedia.org/w/index.php?title=Safiya%20Noble&oldid=902771748 ; https://www.washingtonpost.com/news/morning-mix/wp/2016/06/10/google-faulted-for-racial-bias-in-image-search-results-for-black-teenagers/,"David Oppenheimer, a law professor at University of California at Berkeley highlights that algorithms, even when not intentionally designed to discriminate, can reproduce societal biases. Safiya U. Noble's research, exemplified in her book ""Algorithms of Oppression,"" argues that bias against people of color is embedded in seemingly neutral search engines, particularly Google, leading to the perpetuation of racism and anti-blackness on the internet. In contrast, Google contends that its search algorithm reflects online content availability and doesn't represent the company's own opinions, emphasizing a commitment to diverse perspectives.","Safiya U. Noble's work, particularly her book ""Algorithms of Oppression,"" sheds light on how algorithms exhibit bias against people of color. She emphasizes that this bias is embedded within seemingly neutral search engines, highlighting the generation and perpetuation of racism, especially anti-blackness, through the internet. Even though companies like Google contend that its search algorithm only reflects online content availability, Noble points out Google's monopoly and the opacity of its algorithm, which produces results whose inner workings are not transparent to users.","Safiya U. Noble's work, particularly her book ""Algorithms of Oppression,"" sheds light on how algorithms exhibit bias against people of color. She emphasizes that this bias is embedded within seemingly neutral search engines, highlighting the generation and perpetuation of racism, especially anti-blackness, through the internet. Noble's focus on Google's monopoly and the opacity of its algorithm, which produces results whose inner workings are not transparent to users, raises awareness about how systematically marginalized communities lack an understanding of these biased systems.","Algorithms, like those used in search engines such as Google, can inadvertently perpetuate societal biases, particularly against people of color.","Safiya U. Noble's research, exemplified in her book ""Algorithms of Oppression,"" highlights how algorithms, particularly those in search engines like Google, can exhibit bias against people of color.","Safiya U. Noble's research, as detailed in her book ""Algorithms of Oppression,"" underscores how algorithms, especially in search engines like Google, can demonstrate bias against people of color","""Algorithms of Oppression"" is a book by Safiya U. Noble that explores how search engines like Google can reinforce and perpetuate biases, especially against marginalized communities.","Algorithmic bias is a widespread concern, not limited to search engines, and can manifest in various technological applications, including hiring processes and criminal justice systems.","ChatGPT prompt for generating summaries: ""Generate a short one sentence long summary of the given passage and give 2 short random facts related to the topic of the passage: """
136_1-13,What effects did the Watergate scandal have on President Nixon's legacy?,WAPO_9b10cb0c58de02be4cf2c8c360030bfa-1; MARCO_06_1902336129-3; WAPO_edfb8d64-5e96-11e2-8acb-ab5cb77e95c8-1,http://www.ibtimes.co.uk/watergates-40th-anniversary-president-nixons-resignation-1460491 ; https://www.washingtonpost.com/news/the-fix/wp/2014/08/06/the-dictionary-of-richard-nixon-in-pop-culture-from-animaniacs-to-zoo-animals/; https://www.washingtonpost.com/opinions/richard-nixon-progressive/2013/01/18/edfb8d64-5e96-11e2-8acb-ab5cb77e95c8_story.html,"The Watergate scandal initially had a severely damaging effect on President Nixon's legacy, tarnishing his image as a corrupt politician and overshadowing his accomplishments. However, in later years, Nixon's reputation underwent a degree of rehabilitation, with recognition of his roles in civil rights and diplomacy. He transitioned from being primarily associated with scandal to being acknowledged as a respected elder statesman, although his legacy remains marked by the shadow of Watergate.","The Watergate scandal had a profoundly negative impact on President Nixon's legacy, overshadowing many of his domestic achievements. It tarnished his reputation as a corrupt politician, making him a symbol of political scandal and misconduct in both American politics and popular culture. While he did enact significant legislation like creating the Environmental Protection Agency, his presidency is primarily remembered for the scandal, leading to his resignation and becoming synonymous with political corruption and disgrace. ","The Watergate scandal had a profoundly negative impact on President Nixon's legacy. It tarnished his reputation as a corrupt politician, making him a symbol of political scandal and misconduct in both American politics and popular culture. Nixon's resignation and the scandal's fallout reinforced public skepticism and criticism of the presidency, leaving a lasting impression as one of the most Shakespearean and disgraceful episodes in presidential history.","The Watergate scandal initially damaged President Nixon's legacy, branding him as corrupt, but later years saw some rehabilitation, acknowledging his contributions to civil rights and diplomacy.","The Watergate scandal significantly marred President Nixon's legacy, obscuring his domestic achievements and rendering him a symbol of political scandal and misconduct."," The Watergate scandal severely damaged President Nixon's legacy, turning him into a symbol of political scandal and misconduct, and contributing to public skepticism about the presidency.",One key element of the Watergate scandal was the existence of secret White House tape recordings.,"Following his resignation, Nixon was pardoned by his successor, President Gerald Ford, which spared him from potential legal consequences related to the Watergate scandal.","ChatGPT prompt for generating summaries: ""Generate a short one sentence long summary of the given passage and give 2 short random facts related to the topic of the passage: """
138_1-9,Do you think social media might play a role in my son's low self-esteem?,MARCO_48_1696067336-2; MARCO_48_558840391-5,https://www.omahacentralregister.com/1366/opinions/social-media-affects-teens-self-esteem-personal-identity/ ; https://www.newportacademy.com/resources/well-being/effect-of-social-media-on-teenagers/,"Studies show that a significant percentage of teenagers feel pressured to present only the best aspects of their lives on social media, leading to feelings of inadequacy and a negative impact on their self-esteem. Additionally, social media can provide platforms for unhealthy behaviors and forums where teens may encourage each other in self-destructive routines, potentially exacerbating issues related to self-esteem and mental health. However, it's important to note that not all aspects of social media are detrimental, as some teens use these platforms to promote positive self-images and healthier perspectives.","Even though, not all aspects of social media are detrimental, these platforms can indeed play a role in your son's low self-esteem. It exposes teenagers to idealized standards of perfection, making them feel pressured to conform and leading to uncertainty about their identity and self-worth. This constant exposure can also contribute to depression, and social media can negatively impact a teen's self-esteem by influencing their style, friendships, and even leading to addiction and related health issues.","Yes, social media can indeed play a role in your son's low self-esteem. The constant exposure to idealized images and lifestyles on social media can lead teenagers to question their own identity and strive for unrealistic standards of perfection. This pressure to conform to social media-defined ideals can contribute to feelings of insecurity and even depression, affecting their self-esteem and well-being.","Social media often compels teenagers to showcase their best selves, potentially harming their self-esteem, while also serving as a platform for unhealthy behaviors.","Social media can negatively affect a teenager's self-esteem by exposing them to idealized standards of perfection, leading to identity issues.",The constant exposure to idealized images and lifestyles on social media can lead teenagers to question their own identity and strive for unrealistic standards of perfection.,"Research has shown that excessive use of social media, especially by teenagers, is associated with higher rates of depression, anxiety, and loneliness.","Social media platforms can be breeding grounds for cyberbullying, which can have severe psychological effects on young individuals.","ChatGPT prompt for generating summaries: ""Generate a short one sentence long summary of the given passage and give 2 short random facts related to the topic of the passage: """
91_7,What do users of social networks get in return for by giving up their privacy?,CAR_75c414321bcd116debde9985a0859b0656387186; CAR_8cbdbf235687fd9fae5a1e61d8ed4c27ad9f0405,https://psychology.fandom.com/wiki/Perception_management ; https://en.wikipedia.org/wiki/Internet_privacy,"Users of social networks receive personalized recommendations and benefits in exchange for sharing their personal information. Social networking platforms use the data they collect to provide tailored recommendations for individuals, businesses, and enterprises. However, individuals can choose to protect their privacy by selectively disclosing personal information and being cautious about what they share online. This controlled disclosure allows users to balance privacy concerns with the convenience of using social networks.","Users of social networks receive personalized recommendations and benefits in exchange for sharing their personal information. Social networking platforms use the data they collect to provide tailored recommendations for individuals, businesses, and enterprises. Controlled disclosure of personal information enables users to balance privacy concerns with the convenience of using social networks.","Users of social networks receive recommendations and benefits in return for sharing their personal information. Social networking platforms gather vast amounts of user data and use it to provide tailored recommendations for individuals, businesses, and enterprises. For example, Facebook's recommendation system allows users to indicate their preferences, and this data is shared with partner websites, influencing the content users see on those sites.","Social networking platforms use user data to offer personalized recommendations and benefits, but individuals can protect their privacy by selectively sharing personal information online.","Social networking platforms offer personalized recommendations and benefits in exchange for user data, using this data to provide tailored suggestions.","Users of social networks exchange personal information for customized recommendations, with platforms using this data to offer tailored suggestions.","Social media companies often generate significant revenue from user data by selling it to advertisers, raising concerns about how user information is used for targeted advertising.","Data privacy issues related to social media came into the spotlight with scandals like the Facebook-Cambridge Analytica data breach, which raised questions about the extent of personal data collection by social networks.","ChatGPT prompt for generating summaries: ""Generate a short one sentence long summary of the given passage and give 2 short random facts related to the topic of the passage: """
147_2-1,What is Marvel Studios’ approach to diversity for people of color?,MARCO_27_1457199454-14; MARCO_11_840593986-2,https://aldianews.com/articles/culture/marvel-and-next-latino-superhero-big-screen/55512 ; https://screenrant.com/certain-facts-about-marvel-phase-4-four-avengers-spider-man/,"Marvel Studios' approach to diversity for people of color has evolved, particularly in Phase Four, where the emphasis is on introducing new characters and ensuring more diverse casts. This change reflects a response to past criticism regarding the underrepresentation of minorities in Marvel films, including casting decisions in the Avengers like Ben Kingsley as the Mandarin and Tilda Swinton as the Ancient One. The studio is committed to creating a more inclusive group of characters and avoiding a predominantly white, European cast in its future movies.","Marvel Studios' approach to diversity for people of color in Phase Four involves addressing past criticisms of underrepresentation by introducing new characters and featuring more diverse casts. The studio aims to create an inclusive group of characters that better reflects a global audience, as emphasized by Kevin Feige's statement that upcoming movies will be as inclusive as possible. Marvel recognizes the importance of diversity and strives to avoid having a predominantly white, European cast in its films.","Marvel Studios has demonstrated a commitment to diversity for people of color, particularly during Phase Three, with groundbreaking films like 'Black Panther' and 'Captain Marvel.' Kevin Feige, Marvel's CEO, expressed a dedication to creating stories that resonate globally and hinted at the inclusion of a Latino superhero in Phase Four. Moreover, Phase Four promises to introduce more diverse characters and casts, addressing past criticisms about representation in the MCU.",Marvel Studios has evolved its approach to diversity for people of color by introducing new characters and ensuring more diverse casts.,Marvel Studios is addressing past criticisms of underrepresentation by introducing new characters and promoting more diverse casts in Phase Four.,"Marvel Studios, particularly during Phase Three, showed dedication to diversity for people of color through groundbreaking films like 'Black Panther'.","Marvel has a range of Latino superheroes in its comics, such as Miles Morales (Spider-Man) and America Chavez, who fans hope to see in future MCU adaptations.","""Black Panther"" not only broke box office records but also became a cultural phenomenon reinforcing the importance of diverse representation in superhero movies.","ChatGPT prompt for generating summaries: ""Generate a short one sentence long summary of the given passage and give 2 short random facts related to the topic of the passage: """
82_2,What are the pros and cons of GMO food labeling?,CAR_515e60907787fa4b5ad11188b18e75d62b29afd3; CAR_b3e3225b7307507b08b64f36cd8c54ebd7dc950a,"https://en.wikipedia.org/wiki/Genetically_modified_food_controversies; https://en.wikipedia.org/wiki/2012_California_Proposition_37#:~:text=Proponents%20argue%20that%20%22Proposition%2037,buy%20those%20products%20or%20not.","The pros of GMO food labeling include supporting informed choice for consumers, avoiding potential consumer misinformation, and facilitating product withdrawals if adverse health or environmental effects are discovered. On the other hand, the cons may involve increased costs, particularly in food-exporting countries, and the potential reduction of products containing GM ingredients once labeling is implemented.","The pros of GMO food labeling, include providing consumers with the information necessary for informed choices, preventing potential consumer confusion, and facilitating the recall of products in the event of adverse health or environmental effects. Even though food labelling may lead to increased costs, it can still enhance transparency in the food supply chain and empower consumers to make decisions aligned with their preferences and concerns regarding genetically modified organisms. ","The pros of GMO food labeling, as advocated by organizations like the American Public Health Association and the European Commission, include providing consumers with the information necessary for informed choices, preventing potential consumer confusion, and facilitating the recall of products in the event of adverse health or environmental effects. This labeling can enhance transparency in the food supply chain and empower consumers to make decisions aligned with their preferences and concerns regarding genetically modified organisms.","Pros of GMO food labeling encompass informed consumer choice, while cons include increased costs, especially in food-exporting nations.","GMO food labeling pros involve informed consumer choices, preventing confusion, and enabling product recalls in case of issues, despite potential increased costs.","GMO food labeling pros involve informed consumer choices, preventing confusion, and enabling product recalls in case of issues, enhancing transparency in the food supply chain.","Consumer preferences for GMO labeling vary, with some actively seeking non-GMO products, while others prioritize cost and availability over GMO status.","Labeling regulations for GMOs vary worldwide, with some countries requiring detailed information, while others have more lenient requirements or none at all.","ChatGPT prompt for generating summaries: ""Generate a short one sentence long summary of the given passage and give 2 short random facts related to the topic of the passage: """
132_2-1,That’s interesting. Tell me more about how climate change affects developing countries.,KILT_78449-18; MARCO_17_3309188225-26,https://en.wikipedia.org/wiki/Developing_country; https://en.wikipedia.org/w/index.php?title=Developing%20country&oldid=908696003,"Climate change has a devastating impact on both the health and economies of developing countries. It leads to an estimated 400,000 deaths per year in these nations, primarily due to hunger and communicable diseases, with the most severe effects felt by the world's poorest countries. Additionally, climate change results in significant economic burdens, causing an average GDP loss of 7% in Least Developed Countries in 2010 due to reduced labor productivity which underscores the critical issue of climate justice and the disproportionate impact of climate change on vulnerable nations.","Climate change has a significant impact on the economies of developing countries and the health of people with 400,000 deaths each year caused by climate change in these nations. In Least Developed Countries, there was an average loss of 7% of their gross domestic product in 2010 due to reduced labor productivity caused by climate change. Additionally, rising sea levels cost these countries 1% of their GDP in the same year, with the Pacific region experiencing even higher losses at 4%, amounting to an annual global economic loss of 65 billion dollars. ","Climate change profoundly affects the health of people in developing countries, particularly the world's poorest nations. The Climate Vulnerability Monitor reports estimate that climate change causes around 400,000 deaths annually in these regions, with a significant impact on health primarily due to hunger and communicable diseases. Developing countries, with their limited resources and infrastructure, are especially vulnerable to these health-related consequences of climate change, highlighting the pressing need for global climate justice.","Climate change disproportionately affects developing countries, leading to significant health consequences, including hunger-related deaths, and causing economic burdens, such as reduced GDP.","Climate change profoundly affects the economies and health of developing countries, resulting in an estimated 400,000 climate-related deaths annually and causing significant GDP losses.","Climate change has a severe impact on the health of people in developing countries leading to around 400,000 annual deaths primarily due to hunger and communicable diseases.","Many developing countries are experiencing climate-induced migration as people seek refuge from the impacts of climate change, including droughts, floods, and extreme weather events.","Climate change exacerbates food insecurity in vulnerable nations, leading to malnutrition and posing additional health risks.","ChatGPT prompt for generating summaries: ""Generate a short one sentence long summary of the given passage and give 2 short random facts related to the topic of the passage: """