,questions_ids,questions,answers,answers_ids,summaries,summaries_scores,summary_result,familiarity,factuality,confidence,satisfaction,explanation,age,gender,education
3,1,What’s the best bike seat,"Highly recommended bike seat is the Brooks England Cambium C-17 Saddle. It offers maintenance-free use, waterproof properties, and exceptional comfort for long rides. Its design, including flexibility on rough terrain and suitability for touring enthusiasts and bike packers, makes it a top choice for comfortable and versatile cycling experiences.",A1,"['The Brooks England Cambium C-17 Saddle is a highly recommended bike seat known for its maintenance-free use, waterproof properties, and outstanding comfort during long rides.', 'Proper bike seat selection is crucial for avoiding discomfort and pain during extended rides and is a topic frequently discussed among cyclists.', 'Cycling enthusiasts often prioritize comfort, and the choice of a bike seat can significantly impact their riding experience.']","[1, 0, 0]","['1', '1', '1']","['1', '2', '2']","['2', '2', '3']","['3', '1', '3']","['3', '1', '3']","['comfort sounds like a subjective thing, would expect a few examples for different reasons', ""The response does not really answer the question properly. Although it provides a source, it seems to pick and choose what is 'highly recommended' as opposed to finding a common consensus of what is considered 'the best'."", 'I am not highly satisfied because this has a kink stating seat for big guys. The question does not ask for that specifically.']","['option_3', 'option_3', 'option_2']","['option_1', 'option_1', 'option_1']","['option_1', 'option_2', 'option_2']"
5,2,How often should I run to lose weight?,"Losing weight through running can be achieved easily as running tends to burn calories. To achieve weight loss while running, focus on decreasing your caloric intake by consuming nutrient-dense, fibre-rich foods. Additionally, incorporate strength training exercises to build muscle mass, as muscle weighs less than fat. If you're struggling to lose weight or have specific goals in mind, consider consulting a registered dietitian or a personal trainer for professional adice. They can help you create a customized nutrition and exercise plan tailored to your needs.",A4,"['A well-rounded fitness regimen that includes strength training not only supports weight loss but also promotes overall fitness and body composition.', 'Strength training not only helps with weight loss but also improves overall body composition by increasing lean muscle mass.', ""Running can aid in weight loss by burning calories, but it's crucial to combine it with a nutrient-dense diet and strength training.""]","[0, 0, 1]","['1', '3', '3']","['2', '3', '4']","['3', '3', '3']","['3', '2', '3']","['3', '2', '2']","['not well versed but it sound everything else I have heard', 'The system does not directly respond to the question. It could express something like \'It depends on individuals\' or something like ""Individuals differ in terms of body weight, sizes and shapes"". A reputable source or an official one could always be helpful.', 'It did not answer the actual question since they asked how often they have to run.']","['option_3', 'option_3', 'option_2']","['option_1', 'option_1', 'option_1']","['option_1', 'option_2', 'option_2']"
0,3,What are the other natural wonders of the world besides the Great Barrier Reef?,"The other Natural Wonders of the World besides the Great Barrier Reef include the Grand Canyon, Northern Lights, Victoria Falls, Mt. Everest, and Paricutin Volcano. These wonders are remarkable geological features and natural phenomena created by the forces of nature over time, showcasing the Earth's diverse and awe-inspiring landscapes and events.",A2,"[""The Northern Lights, also known as the Aurora Borealis, are a mesmerizing display of colorful lights in the Earth's atmosphere caused by solar particles colliding with gases in the atmosphere, mainly seen in polar regions."", 'These wonders often attract tourists and researchers from around the world due to their unique and captivating qualities.', 'The Natural Wonders of the World, including the Great Barrier Reef, encompass a diverse range of geological features and natural phenomena']","[0, 0, 1]","['3', '3', '3']","['3', '3', '4']","['4', '3', '4']","['4', '3', '3']","['4', '3', '3']","['It is what I would expect as an answer', 'While the response makes sense to a certain degree, the system could cite an official or a reputable source to satisfy the question.', 'I am not sure if these are the correct answers, but I am familiar with some of them.']","['option_3', 'option_3', 'option_2']","['option_1', 'option_1', 'option_1']","['option_1', 'option_2', 'option_2']"
9,4,I like hiking and Malbec wine. You mentioned some high peaks. How can I hike some high mountains and visit some wineries famous for Malbec?,"To combine hiking and Malbec wine, plan a trip to the Penedès region in Catalonia. You can explore the Montserrat mountain range, which offers fantastic hiking opportunities, and then visit renowned wineries in the Penedès, known for its exceptional Malbec wine production. This region offers a perfect blend of outdoor adventure and wine tasting experiences.",A3,"['Catalonia is not only famous for its Malbec wine but also produces a wide range of other high-quality wines like Cava.', 'The Penedès region in Catalonia, Spain, offers a perfect fusion of hiking opportunities in the Montserrat mountain range and visits to renowned wineries.', 'Many wineries in the Penedès region offer guided tours, providing visitors with insights into the winemaking process.']","[0, 1, 0]","['2', '2', '2']","['1', '2', '2']","['4', '3', '3']","['4', '3', '3']","['4', '3', '3']","['The inclusion of a source really helps back it, so likely right', 'Response appears promotional or seems to copy from the source cited. A neutral expression of responses would be preferred for people unfamiliar with topics and areas.', ""Since I don't know about this topic, I am going with my gut in feeling satisfied with what sounds like a good answer.""]","['option_3', 'option_3', 'option_2']","['option_1', 'option_1', 'option_1']","['option_1', 'option_2', 'option_2']"
7,5,Tell me about the different types of rocket engines.,"Rocket engines can be categorized into four main types based on their propulsion methods. Solid-fuel rockets use propellant in a solid phase, while liquid-propellant rockets rely on propellants in a liquid state fed from tanks. Hybrid rockets combine a solid propellant with a liquid or gas oxidizer, and monopropellant rockets use a single propellant decomposed by a catalyst. These different types of engines have diverse applications and performance characteristics in rocketry.",A1,"['Rocket engines are categorized into four main types, each with distinct characteristics and applications in the field of rocketry.', 'Developments in rocket propulsion technology have played a crucial role in enabling human spaceflight and interplanetary exploration.', ""Rocket engines have been instrumental in space exploration, satellite launches, and even in powering spacecraft beyond Earth's orbit.""]","[1, 0, 0]","['1', '1', '1']","['1', '2', '3']","['4', '4', '4']","['4', '4', '3']","['4', '4', '4']","['includes a source, which is nice, add validity', 'Using a Wikipedia as a source, someone who is not familiar with the topic of the question would not doubt its reputation.', 'For me I am familiar with engines of this type so I am satisfied.']","['option_3', 'option_3', 'option_2']","['option_1', 'option_1', 'option_1']","['option_1', 'option_2', 'option_2']"
4,6,Interesting. What was the basis of the backlash Marvel Studios faced for the Vice President’s suggestion that diversity was causing sales to slide?,"The backlash against Marvel Studios was rooted in the revelation of an unpublished decision by the studio chairs to reduce diversity and prioritize the hiring of predominantly white males for future productions. This decision contradicted Marvel's earlier efforts to promote diversity in its comic books and on-screen characters. Fans and critics criticized the shift, viewing it as a step backward in terms of representation and inclusivity in the entertainment industry.",A4,"[""Marvel's diversity initiatives included introducing characters like Miles Morales (Spider-Man) and Kamala Khan (Ms. Marvel) to the comic book world."", 'The entertainment industry as a whole has been under scrutiny for issues related to diversity and inclusion, with calls for more representation of marginalized communities both on and off-screen.', 'The backlash against Marvel Studios stemmed from the decision made by the studio chairs to decrease diversity and emphasize the hiring of primarily white males for future projects.']","[0, 0, 1]","['3', '3', '3']","['1', '1', '3']","['1', '3', '4']","['1', '3', '4']","['1', '3', '4']","['never heard this and sounds insanely far fetched', ""I would prefer if the system response with 'According to.... or cite sources. The response seems to satisfy the question."", 'For me this sounds about right since I am vaguely familiar with this story.']","['option_3', 'option_3', 'option_2']","['option_1', 'option_1', 'option_1']","['option_1', 'option_2', 'option_2']"
2,7,How do you get impartial results from search engines?,"You can obtain impartial search results from search engines like DuckDuckGo by using platforms that do not store your personal information or track your online activities. DuckDuckGo, for example, ensures user privacy and impartiality in search results by not relying on past user data to tailor search outcomes, providing a clean and unbiased search experience.",A2,"['Privacy-focused search engines like Startpage and Qwant emphasize user privacy and unbiased search results.', 'Impartial search results from search engines like DuckDuckGo can be achieved by using platforms that do not store personal information or track online activities.', 'Privacy-focused search engines, such as StartPage and Sear aim to provide impartial results by not collecting or storing user data.']","[0, 1, 0]","['2', '2', '2']","['4', '3', '3']","['4', '3', '4']","['4', '3', '4']","['4', '3', '4']","['not entirely sure how factual that is about duckduckgo anymore, but it use to be true', 'A source or a reference would be helpful and the response could try to bring other examples as well.', 'I think that I am somewhat familiar with this site and I know this is how it operates.']","['option_3', 'option_3', 'option_2']","['option_1', 'option_1', 'option_1']","['option_1', 'option_2', 'option_2']"
6,8,What is the role of Co-Extra in GMO food traceability in the EU?,"Co-Extra, an EU-funded research program, primarily focused on developing genetically modified organisms (GMOs) that could be used to enhance food traceability in the European Union. Their goal was to create GMOs with unique genetic markers that could be easily detected in food products. By introducing these GMOs into the supply chain, Co-Extra aimed to establish a foolproof traceability system, ensuring consumers could track the origin of their food accurately.",A3,"['Food traceability involves tracking the production, processing, and distribution of food to ensure its safety and quality.', 'Co-Extra aimed to improve food traceability in the EU by developing genetically modified organisms (GMOs) with unique genetic markers detectable in food products.', 'Enhancing traceability is crucial for ensuring transparency and accountability in the food supply chain, especially when it comes to GMOs.']","[0, 1, 0]","['2', '2', '2']","['1', '1', '1']","['3', '4', '3']","['3', '4', '3']","['3', '4', '3']","['Sounds possible, not entirely sure. Sources would help', 'Using an official/government source, the response satisfy the question completely.', 'I am not familiar so I picked this as I am trusting the system.']","['option_3', 'option_3', 'option_2']","['option_1', 'option_1', 'option_1']","['option_1', 'option_2', 'option_2']"
1,9,What licenses and permits are needed for a food truck?,"The licenses and permits needed for a food truck vary by country and locality. In Toronto, Canada, requirements include business and liability insurance, a Commercial Vehicle Operator's Registration for the truck, permits for each municipality it operates in, a food handler certificate, the appropriate driver's licenses, assistant's licenses for assistants, and a health inspection, among others.",A1,"['Requirements for food trucks differ by location and can include insurance, vehicle registration, health inspections, and licenses for drivers and assistants.', 'Health inspections are crucial to maintaining food safety standards in mobile food service establishments.', 'Food handler certificates are often required to demonstrate knowledge of safe food handling practices.']","[1, 0, 0]","['1', '1', '1']","['1', '2', '3']","['4', '4', '4']","['3', '4', '4']","['4', '4', '3']","['Sounds correct to me but honestly have no idea, but it sounds correct', 'Wikipedia has been regarded as a trustworthy source so bringing it as a reference satisfy the question greatly.', 'The location was never mentioned in the question and this gave an answer for a specific location.']","['option_3', 'option_3', 'option_2']","['option_1', 'option_1', 'option_1']","['option_1', 'option_2', 'option_2']"
8,10,Why did the Airbus A380 stop being produced?,"The Airbus A380 ceased production due to a combination of factors. Firstly, new safety tests prompted by the Malaysia Airlines Flight 17 (MH17) catastrophe raised concerns about evacuation protocols for such large aircraft. Additionally, during the COVID-19 pandemic, the reduced demand for air travel and safety regulations discouraged the use of such massive airplanes, making their production economically unviable. These factors collectively contributed to the discontinuation of the A380 program.",A4,"[""A380 represented a significant shift in the aviation industry's focus towards more fuel-efficient and versatile aircraft."", 'The Airbus A380 production ceased because of new safety tests post-MH17, decreased demand during the COVID-19 pandemic, and safety regulations.', 'Despite its discontinuation, the A380 left a significant mark in aviation history as one of the largest passenger planes ever built.']","[0, 1, 0]","['2', '2', '2']","['1', '3', '3']","['3', '3', '3']","['4', '3', '3']","['4', '3', '3']","['it makes sense and not much reason to question it', 'The response appears to bring up current or recent event that would satisfy the question. A source could be helpful in confirming the response.', 'I am not sure if this is the right answer but it sounds like it can be, so I am somewhat satisfied.']","['option_3', 'option_3', 'option_2']","['option_1', 'option_1', 'option_1']","['option_1', 'option_2', 'option_2']"
