questions_ids,questions,answers,answers_ids,sources,summaries,summaries_scores
8,What is the role of Co-Extra in GMO food traceability in the EU?,"Co-Extra, an EU-funded research program, played a pivotal role in GMO food traceability in the EU from 2005 to 2009. With a budget of €13.5 million and the collaboration of over 200 scientists in 52 organizations across 18 countries, it focused on validating biological containment methods, creating supply chain organizations, and developing practical tools to ensure co-existence between GMO and non-GMO supply chains. ",A1,https://en.wikipedia.org/wiki/Co-Extra,"['GMO food traceability and co-existence are essential aspects of GMO regulation in the European Union, aimed at ensuring the safety and transparency of GMO products in the market.', 'Co-Extra significantly contributed to GMO food traceability in the EU by validating biological containment methods, establishing supply chain organizations, and creating practical tools.', 'Co-Extra was part of broader European research programs addressing GMO-related concerns, such as Transcontainer and SIGMEA.']","[0, 1, 0]"
1,What’s the best bike seat,"The ""best"" bike seat can vary greatly depending on individual preferences, body shape, and riding style. Seats from reputable brands like Spinergy, NexusRides, CycleCraft, TrekTech, and GTB are often well-regarded for their comfort and quality. It's important to consider factors such as saddle width, padding, shape, and intended use (road, mountain, touring) when choosing a bike seat. Visiting a local bike shop and trying out different seats is often the best way to find one that suits your comfort needs.",A4,,"['The choice of the ""best"" bike seat depends on individual preferences, body shape, and riding style.', 'Bike shops with knowledgeable staff can provide valuable guidance and allow cyclists to test various seats .', 'Proper bike seat selection is crucial for avoiding discomfort and pain during extended rides..']","[1, 0, 0]"
4,I like hiking and Malbec wine. You mentioned some high peaks. How can I hike some high mountains and visit some wineries famous for Malbec?,"You can combine your love for hiking and Malbec wine by visiting Mendoza, Argentina. This picturesque city is nestled in the Andes and is renowned for its vineyards, often called Argentina's Napa and Sonoma valleys. You can explore the beautiful countryside, hike in the nearby Aconcagua, the tallest peak in the western hemisphere, and enjoy wine tastings at the region's famous wineries, making it an ideal destination for both outdoor enthusiasts and wine lovers.",A1,https://wanderingtrader.com/argentina/top-5-argentina-tourist-attractions/,"[""The region's wineries often provide guided tours and wine tasting experiences."", 'Mendoza, Argentina offers a perfect blend of hiking and wine tasting experiences, with its scenic landscapes, proximity to Aconcagua, and renowned wineries.', 'The city of Mendoza hosts wine festivals and events throughout the year.']","[0, 1, 0]"
2,How often should I run to lose weight?,"To lose weight through running, it's essential to combine your running program with a balanced diet. Danish research shows that new runners seeking weight loss who ran more than 5km (3.1 miles) per week for one year and adjusted their diets lost an average of 12.3 pounds, while those who didn't change their diets lost 8.4 pounds. For faster weight loss, consider gradually increasing your running duration and frequency (with a long-term goal of building up to 60 minutes of running per day, six days per week), but remember that a well-balanced diet remains crucial to achieving your goals.",A2,,"['Proper nutrition is vital not only for weight loss but also for overall health and energy levels.', ""To effectively lose weight through running, it's crucial to combine running with a balanced diet."", ""Weight loss through running is a gradual process, and it's advisable to increase running duration and frequency progressively to avoid injury and burnout.""]","[0, 1, 0]"
3,What are the other natural wonders of the world besides the Great Barrier Reef?,"The other Natural Wonders of the World besides the Great Barrier Reef include the Grand Canyon, Northern Lights, Mt. Everest, Dead Sea, Victoria Falls, and Kilimanjaro. These wonders are remarkable geological features and natural phenomena created by the forces of nature over time, showcasing the Earth's diverse and awe-inspiring landscapes and events.",A3,https://www.thecollector.com/what-are-the-seven-wonders-of-the-natural-world/,"['Kilimanjaro, located in Tanzania, is the highest freestanding mountain in the world and a popular destination for trekkers and climbers.', 'The Dead Sea, situated between Jordan and Israel, is known for its incredibly high salt concentration, making it a unique body of water where individuals can easily float on the surface due to the buoyancy created by the dense salt content.', ""The Natural Wonders of the World encompass a range of geological marvels and natural occurrences that exemplify the Earth's stunning diversity in landscapes and events.""]","[0, 0, 1]"
10,Why did the Airbus A380 stop being produced?,"The Airbus A380 ceased production primarily due to a combination of factors, including declining demand for such large aircraft, high production costs, and a shift in the airline industry toward point-to-point systems. Airbus announced the discontinuation in February 2019 after its main customer, Emirates, reduced its A380 order and shifted to smaller, more fuel-efficient aircraft like the A330-900 and A350-900. With production costs exceeding the selling price and airlines favoring point-to-point routes over hub-and-spoke systems, the A380 program became economically unsustainable for Airbus, leading to the decision to stop production.",A2,,"['The COVID-19 pandemic reduced the demand for large aircraft like the A380, with many airlines opting for smaller planes during travel restrictions.', 'The Airbus A380 ceased production due to declining demand, high production costs, and a shift in the airline industry towards more fuel-efficient aircraft and point-to-point systems.', 'The A380 was designed for hub-and-spoke systems, where passengers transfer between flights at a central hub.']","[0, 1, 0]"
7,How do you get impartial results from search engines?,"To obtain impartial search engine results, ensure you clear your browser cookies and history regularly, use a variety of search engines, and search in incognito mode to avoid personalization. This will help eliminate bias and provide a more neutral search experience. Additionally, it is useful to search using specific keywords provided by the search engine companies themselves, as this ensures unbiased and neutral information retrieval.",A3,https://www.aarp.org/home-family/personal-technology/info-2021/tips-to-use-search-engines.html,"['Tools and browser extensions are available that allow users to compare search results from different search engines more efficiently.', 'Achieving impartial search results involves using a cross-verification approach by conducting the same search on multiple search engines.', 'Some web browsers and online tools provide extensions or plugins that facilitate simultaneous searches across multiple search engines.']","[0, 1, 0]"
5,Tell me about the different types of rocket engines.,"There are three main types of rocket engines: nuclear fusion engines, electromagnetic propulsion engines, and quantum vacuum thrusters. Nuclear fusion engines harness the power of nuclear fusion reactions to provide thrust, while electromagnetic propulsion engines utilize advanced magnetic fields for propulsion. Quantum vacuum thrusters, on the other hand, tap into the energy of quantum fluctuations in the vacuum of space. These cutting-edge technologies represent the future of rocket propulsion.",A4,,"['Nuclear fusion engines aim to replicate the energy generation process of stars by fusing atomic nuclei.', 'The passage discusses three advanced types of rocket engines which harness innovative technologies for propulsion in space exploration.', 'Electromagnetic propulsion engines use electromagnetic fields to accelerate charged particles.']","[0, 1, 0]"
6,Interesting. What was the basis of the backlash Marvel Studios faced for the Vice President’s suggestion that diversity was causing sales to slide?,"The backlash faced by Marvel Studios for the Vice President's suggestion that diversity was causing sales to decline centered around the perception that Marvel was facing criticism for altering existing characters to be more diverse rather than creating entirely new characters or reintroducing old ones that better reflected various communities. David Gabriel's remarks at the Marvel Retailer Summit, where he mentioned a reluctance toward diversity among readers, sparked controversy. This incident highlighted Hollywood's ongoing diversity issues, particularly in big-budget superhero movies.",A2,,"[""The controversy surrounding David Gabriel's comments led to discussions about the representation of women, people of color, and LGBTQ+ individuals in the comic book industry."", 'Marvel Studios faced a backlash when their Vice President suggested that diversity was affecting sales.', 'Diversity and representation in Hollywood remain critical topics in the film industry, impacting both storytelling and casting decisions. ']","[0, 1, 0]"
9,What licenses and permits are needed for a food truck?,"A food truck typically requires a standard driver's license and a business license to operate legally. Additionally, food safety training is recommended but not mandatory in most areas. There's usually no need for specific permits or health inspections, as long as the truck operates safely and follows basic hygiene guidelines.",A4,,"[""While health inspections may not always be mandatory, maintaining high hygiene standards is crucial for the food truck industry's reputation and customer satisfaction."", ""Operating a food truck generally requires a standard driver's license and a business license, with optional food safety training in most areas."", ""Some locations may have additional requirements or permits for food trucks, so it's essential to research local regulations.""]","[0, 1, 0]"
